Time,X Length,Y Length,x1,y1,x2,y2,xcord,ycord
14:29:12,474.4955143148395,545.6698414620653,142,16,162,-7,72.0,42.0
